"Run","Solver","Time","Hard","Medium","Soft"
"1","Batch","0","0","0","-36992"
"1","Batch","0.01","0","0","-36559"
"1","Batch","0.01","0","0","-36551"
"1","Batch","0.01","0","0","-35967"
"1","Batch","0.01","0","0","-35710"
"1","Batch","0.01","0","0","-35131"
"1","Batch","0.01","0","0","-34358"
"1","Batch","0.01","0","0","-33620"
"1","Batch","0.01","0","0","-33214"
"1","Batch","0.01","0","0","-32561"
"1","Batch","0.01","0","0","-32556"
"1","Batch","0.01","0","0","-32244"
"1","Batch","0.04","0","0","-32058"
"1","Batch","0.04","0","0","-31950"
"1","Batch","0.04","0","0","-31677"
"1","Batch","0.04","0","0","-30809"
"1","Batch","0.06","0","0","-30554"
"1","Batch","0.08","0","0","-29999"
"1","Batch","0.1","0","0","-29943"
"1","Batch","0.1","0","0","-29882"
"1","Batch","0.1","0","0","-29663"
"1","Batch","0.1","0","0","-29559"
"1","Batch","0.1","0","0","-29440"
"1","Batch","0.12","0","0","-29323"
"1","Batch","0.12","0","0","-28926"
"1","Batch","0.12","0","0","-28766"
"1","Batch","0.12","0","0","-28096"
"1","Batch","0.12","0","0","-27879"
"1","Batch","0.13","0","0","-27781"
"1","Batch","0.15","0","0","-27765"
"1","Batch","0.17","0","0","-26870"
"1","Batch","0.19","0","0","-26858"
"1","Batch","0.21","0","0","-26798"
"1","Batch","0.21","0","0","-26186"
"1","Batch","0.22","0","0","-25937"
"1","Batch","0.25","0","0","-25855"
"1","Batch","0.25","0","0","-25337"
"1","Batch","0.26","0","0","-24974"
"1","Batch","0.26","0","0","-24155"
"1","Batch","0.35","0","0","-23645"
"1","Batch","0.4","0","0","-23028"
"1","Batch","0.44","0","0","-22926"
"1","Batch","0.44","0","0","-22711"
"1","Batch","0.44","0","0","-22178"
"1","Batch","0.49","0","0","-21558"
"1","Batch","0.54","0","0","-21323"
"1","Batch","0.56","0","0","-20949"
"1","Batch","0.57","0","0","-20948"
"1","Batch","0.57","0","0","-20881"
"1","Batch","0.57","0","0","-20835"
"1","Batch","0.57","0","0","-20732"
"1","Batch","0.57","0","0","-20428"
"1","Batch","0.63","0","0","-20266"
"1","Batch","0.63","0","0","-19615"
"1","Batch","0.63","0","0","-19472"
"1","Batch","0.68","0","0","-19435"
"1","Batch","0.68","0","0","-19307"
"1","Batch","0.74","0","0","-19238"
"1","Batch","0.74","0","0","-19087"
"1","Batch","0.74","0","0","-18857"
"1","Batch","0.81","0","0","-18802"
"1","Batch","0.81","0","0","-18776"
"1","Batch","0.81","0","0","-17710"
"1","Batch","0.93","0","0","-17443"
"1","Batch","1.05","0","0","-17187"
"1","Batch","1.14","0","0","-16797"
"1","Batch","1.14","0","0","-16643"
"1","Batch","1.14","0","0","-16319"
"1","Batch","1.14","0","0","-16075"
"1","Batch","1.33","0","0","-15933"
"1","Batch","1.38","0","0","-15874"
"1","Batch","1.38","0","0","-14995"
"1","Batch","1.51","0","0","-14948"
"1","Batch","1.8","0","0","-14616"
"1","Batch","1.95","0","0","-14569"
"1","Batch","2.01","0","0","-14380"
"1","Batch","2.17","0","0","-14095"
"1","Batch","2.26","0","0","-14055"
"1","Batch","2.32","0","0","-14028"
"1","Batch","2.34","0","0","-14000"
"1","Batch","2.38","0","0","-13900"
"1","Batch","2.4","0","0","-13720"
"1","Batch","2.41","0","0","-13593"
"1","Batch","2.49","0","0","-13111"
"1","Batch","2.78","0","0","-13052"
"1","Batch","2.78","0","0","-13013"
"1","Batch","2.81","0","0","-12993"
"1","Batch","2.9","0","0","-12957"
"1","Batch","2.9","0","0","-12885"
"1","Batch","2.91","0","0","-12874"
"1","Batch","2.91","0","0","-12860"
"1","Batch","2.91","0","0","-12841"
"1","Batch","2.96","0","0","-12804"
"1","Batch","3.03","0","0","-12720"
"1","Batch","3.03","0","0","-12523"
"1","Batch","3.05","0","0","-12504"
"1","Batch","3.21","0","0","-12469"
"1","Batch","3.21","0","0","-12220"
"1","Batch","3.42","0","0","-12105"
"1","Batch","3.47","0","0","-11734"
"1","Batch","3.61","0","0","-11593"
"1","Batch","3.75","0","0","-11524"
"1","Batch","3.94","0","0","-11202"
"1","Batch","4.1","0","0","-11046"
"1","Batch","4.37","0","0","-10805"
"1","Batch","4.51","0","0","-10804"
"1","Batch","4.53","0","0","-10793"
"1","Batch","4.53","0","0","-10728"
"1","Batch","4.56","0","0","-10346"
"1","Batch","4.56","0","0","-10154"
"1","Batch","5.1","0","0","-10127"
"1","Batch","5.1","0","0","-10086"
"1","Batch","5.31","0","0","-9986"
"1","Batch","5.32","0","0","-9928"
"1","Batch","5.62","0","0","-9832"
"1","Batch","5.72","0","0","-9599"
"1","Batch","5.74","0","0","-9551"
"1","Batch","6.1","0","0","-9492"
"1","Batch","6.11","0","0","-9345"
"1","Batch","6.33","0","0","-9137"
"1","Batch","7.25","0","0","-9014"
"1","Batch","7.3","0","0","-8873"
"1","Batch","7.41","0","0","-8857"
"1","Batch","7.87","0","0","-8837"
"1","Batch","7.95","0","0","-8827"
"1","Batch","7.98","0","0","-8709"
"1","Batch","8.11","0","0","-8505"
"1","Batch","8.88","0","0","-8132"
"1","Batch","10.05","0","0","-8047"
"1","Batch","10.45","0","0","-8014"
"1","Batch","10.5","0","0","-7959"
"1","Batch","10.84","0","0","-7887"
"1","Batch","10.85","0","0","-7617"
"1","Batch","11.74","0","0","-7555"
"1","Batch","12.26","0","0","-7490"
"1","Batch","12.65","0","0","-7462"
"1","Batch","13.16","0","0","-7386"
"1","Batch","14.46","0","0","-7327"
"1","Batch","14.47","0","0","-7282"
"1","Batch","14.47","0","0","-7118"
"1","Batch","16.97","0","0","-6973"
"1","Batch","18.33","0","0","-6816"
"1","Batch","21.83","0","0","-6767"
"1","Batch","22.84","0","0","-6757"
"1","Batch","23.85","0","0","-6726"
"1","Batch","23.98","0","0","-6678"
"1","Batch","25.04","0","0","-6671"
"1","Batch","26.3","0","0","-6579"
"1","Batch","27.56","0","0","-6543"
"1","Batch","30.14","0","0","-6538"
"1","Batch","33.25","0","0","-6527"
"1","Batch","34.36","0","0","-6490"
"1","Batch","37.03","0","0","-6476"
"1","Batch","39.42","0","0","-6462"
"1","Batch","43.15","0","0","-6448"
"1","Batch","68.15","0","0","-56032"
"1","Batch","68.15","0","0","-55599"
"1","Batch","68.15","0","0","-55591"
"1","Batch","68.15","0","0","-55007"
"1","Batch","68.15","0","0","-54750"
"1","Batch","68.15","0","0","-54171"
"1","Batch","68.15","0","0","-53398"
"1","Batch","68.16","0","0","-52660"
"1","Batch","68.16","0","0","-52254"
"1","Batch","68.16","0","0","-51466"
"1","Batch","68.16","0","0","-51461"
"1","Batch","68.16","0","0","-50853"
"1","Batch","68.18","0","0","-50809"
"1","Batch","68.18","0","0","-50590"
"1","Batch","68.18","0","0","-50163"
"1","Batch","68.18","0","0","-50004"
"1","Batch","68.19","0","0","-49814"
"1","Batch","68.19","0","0","-49503"
"1","Batch","68.19","0","0","-49067"
"1","Batch","68.19","0","0","-48895"
"1","Batch","68.19","0","0","-47787"
"1","Batch","68.23","0","0","-47759"
"1","Batch","68.23","0","0","-46686"
"1","Batch","68.26","0","0","-46206"
"1","Batch","68.27","0","0","-45890"
"1","Batch","68.31","0","0","-45698"
"1","Batch","68.31","0","0","-45311"
"1","Batch","68.31","0","0","-45209"
"1","Batch","68.35","0","0","-44900"
"1","Batch","68.35","0","0","-44672"
"1","Batch","68.35","0","0","-44197"
"1","Batch","68.40","0","0","-43922"
"1","Batch","68.40","0","0","-43859"
"1","Batch","68.40","0","0","-43838"
"1","Batch","68.44","0","0","-43830"
"1","Batch","68.44","0","0","-43503"
"1","Batch","68.44","0","0","-43427"
"1","Batch","68.45","0","0","-42894"
"1","Batch","68.45","0","0","-42849"
"1","Batch","68.45","0","0","-42567"
"1","Batch","68.45","0","0","-42556"
"1","Batch","68.47","0","0","-42219"
"1","Batch","68.50","0","0","-42179"
"1","Batch","68.50","0","0","-41840"
"1","Batch","68.50","0","0","-41215"
"1","Batch","68.64","0","0","-41213"
"1","Batch","68.67","0","0","-41203"
"1","Batch","68.69","0","0","-40367"
"1","Batch","68.69","0","0","-39786"
"1","Batch","68.80","0","0","-39553"
"1","Batch","68.87","0","0","-39518"
"1","Batch","68.87","0","0","-39502"
"1","Batch","68.87","0","0","-39381"
"1","Batch","68.87","0","0","-39005"
"1","Batch","68.87","0","0","-38891"
"1","Batch","69.02","0","0","-38596"
"1","Batch","69.10","0","0","-38224"
"1","Batch","69.10","0","0","-37747"
"1","Batch","69.10","0","0","-37622"
"1","Batch","69.10","0","0","-36744"
"1","Batch","69.41","0","0","-36463"
"1","Batch","69.63","0","0","-36133"
"1","Batch","69.83","0","0","-35720"
"1","Batch","69.83","0","0","-35556"
"1","Batch","69.92","0","0","-35472"
"1","Batch","69.93","0","0","-35425"
"1","Batch","70.14","0","0","-35027"
"1","Batch","70.14","0","0","-34531"
"1","Batch","70.77","0","0","-34433"
"1","Batch","70.77","0","0","-34407"
"1","Batch","70.81","0","0","-34395"
"1","Batch","70.81","0","0","-34236"
"1","Batch","70.81","0","0","-33960"
"1","Batch","71.10","0","0","-33715"
"1","Batch","71.41","0","0","-33677"
"1","Batch","71.41","0","0","-33654"
"1","Batch","71.51","0","0","-33406"
"1","Batch","71.54","0","0","-33381"
"1","Batch","71.83","0","0","-33154"
"1","Batch","72.05","0","0","-32970"
"1","Batch","72.05","0","0","-32860"
"1","Batch","73.24","0","0","-32790"
"1","Batch","73.24","0","0","-32548"
"1","Batch","73.47","0","0","-32529"
"1","Batch","73.70","0","0","-32376"
"1","Batch","74.51","0","0","-32336"
"1","Batch","74.82","0","0","-32274"
"1","Batch","75.10","0","0","-32248"
"1","Batch","75.37","0","0","-32230"
"1","Batch","75.37","0","0","-32214"
"1","Batch","75.39","0","0","-32069"
"1","Batch","75.67","0","0","-32029"
"1","Batch","75.67","0","0","-31999"
"1","Batch","75.69","0","0","-31924"
"1","Batch","76.60","0","0","-31879"
"1","Batch","77.04","0","0","-31828"
"1","Batch","77.72","0","0","-31807"
"1","Batch","77.72","0","0","-31707"
"1","Batch","77.88","0","0","-31639"
"1","Batch","78.24","0","0","-31620"
"1","Batch","78.69","0","0","-31593"
"1","Batch","79.09","0","0","-31511"
"1","Batch","79.30","0","0","-31497"
"1","Batch","80.68","0","0","-31496"
"1","Batch","81.03","0","0","-31490"
"1","Batch","81.22","0","0","-31481"
"1","Batch","81.23","0","0","-31466"
"1","Batch","81.24","0","0","-31418"
"1","Batch","81.55","0","0","-31411"
"1","Batch","81.86","0","0","-31349"
"1","Batch","81.86","0","0","-31276"
"1","Batch","83.22","0","0","-31234"
"1","Batch","84.61","0","0","-31220"
"1","Batch","85.37","0","0","-31162"
"1","Batch","85.70","0","0","-31144"
"1","Batch","86.19","0","0","-31074"
"1","Batch","88.06","0","0","-31063"
"1","Batch","90.57","0","0","-31027"
"1","Batch","93.68","0","0","-30992"
"1","Batch","94.65","0","0","-30985"
"1","Batch","95.43","0","0","-30958"
"1","Batch","98.31","0","0","-30934"
"1","Batch","98.79","0","0","-30928"
"1","Batch","102.73","0","0","-30893"
"1","Batch","103.21","0","0","-30864"
"1","Batch","128.21","0","0","-86672"
"1","Batch","128.21","0","0","-86239"
"1","Batch","128.21","0","0","-86231"
"1","Batch","128.21","0","0","-85458"
"1","Batch","128.21","0","0","-84720"
"1","Batch","128.21","0","0","-84314"
"1","Batch","128.23","0","0","-84206"
"1","Batch","128.23","0","0","-83895"
"1","Batch","128.23","0","0","-83881"
"1","Batch","128.23","0","0","-83815"
"1","Batch","128.23","0","0","-83331"
"1","Batch","128.24","0","0","-83126"
"1","Batch","128.24","0","0","-83050"
"1","Batch","128.25","0","0","-83031"
"1","Batch","128.25","0","0","-82650"
"1","Batch","128.25","0","0","-82347"
"1","Batch","128.25","0","0","-82306"
"1","Batch","128.25","0","0","-82197"
"1","Batch","128.25","0","0","-82176"
"1","Batch","128.25","0","0","-82038"
"1","Batch","128.28","0","0","-81950"
"1","Batch","128.28","0","0","-81813"
"1","Batch","128.30","0","0","-81783"
"1","Batch","128.30","0","0","-81493"
"1","Batch","128.30","0","0","-80852"
"1","Batch","128.30","0","0","-80470"
"1","Batch","128.30","0","0","-79656"
"1","Batch","128.30","0","0","-79534"
"1","Batch","128.30","0","0","-79077"
"1","Batch","128.35","0","0","-79014"
"1","Batch","128.35","0","0","-78868"
"1","Batch","128.41","0","0","-78701"
"1","Batch","128.46","0","0","-78645"
"1","Batch","128.46","0","0","-78037"
"1","Batch","128.49","0","0","-77491"
"1","Batch","128.49","0","0","-77366"
"1","Batch","128.52","0","0","-77348"
"1","Batch","128.52","0","0","-77289"
"1","Batch","128.59","0","0","-76915"
"1","Batch","128.61","0","0","-76683"
"1","Batch","128.62","0","0","-76515"
"1","Batch","128.65","0","0","-76178"
"1","Batch","128.71","0","0","-75897"
"1","Batch","128.72","0","0","-75664"
"1","Batch","128.73","0","0","-75417"
"1","Batch","128.78","0","0","-75016"
"1","Batch","128.85","0","0","-74540"
"1","Batch","128.85","0","0","-74249"
"1","Batch","128.86","0","0","-74206"
"1","Batch","128.94","0","0","-74010"
"1","Batch","128.94","0","0","-73964"
"1","Batch","128.94","0","0","-73594"
"1","Batch","129.19","0","0","-73508"
"1","Batch","129.19","0","0","-73384"
"1","Batch","129.19","0","0","-73225"
"1","Batch","129.30","0","0","-73067"
"1","Batch","129.31","0","0","-72709"
"1","Batch","129.40","0","0","-72599"
"1","Batch","129.40","0","0","-72424"
"1","Batch","129.49","0","0","-72143"
"1","Batch","129.83","0","0","-71832"
"1","Batch","129.94","0","0","-71648"
"1","Batch","130.02","0","0","-71352"
"1","Batch","130.02","0","0","-71334"
"1","Batch","130.13","0","0","-71169"
"1","Batch","130.13","0","0","-71114"
"1","Batch","130.13","0","0","-70904"
"1","Batch","130.26","0","0","-70848"
"1","Batch","130.26","0","0","-70383"
"1","Batch","130.26","0","0","-70378"
"1","Batch","130.48","0","0","-70169"
"1","Batch","130.96","0","0","-70152"
"1","Batch","131.07","0","0","-70133"
"1","Batch","131.11","0","0","-70020"
"1","Batch","131.12","0","0","-69312"
"1","Batch","131.32","0","0","-68832"
"1","Batch","132.47","0","0","-68826"
"1","Batch","132.79","0","0","-68665"
"1","Batch","133.12","0","0","-68625"
"1","Batch","133.25","0","0","-68481"
"1","Batch","133.50","0","0","-68471"
"1","Batch","133.58","0","0","-68303"
"1","Batch","133.58","0","0","-68276"
"1","Batch","133.88","0","0","-68249"
"1","Batch","134.21","0","0","-68004"
"1","Batch","134.21","0","0","-67966"
"1","Batch","135.00","0","0","-67826"
"1","Batch","135.64","0","0","-67816"
"1","Batch","136.14","0","0","-67744"
"1","Batch","136.33","0","0","-67743"
"1","Batch","136.35","0","0","-67708"
"1","Batch","136.75","0","0","-67676"
"1","Batch","136.93","0","0","-67662"
"1","Batch","137.04","0","0","-67614"
"1","Batch","137.31","0","0","-67511"
"1","Batch","137.61","0","0","-67491"
"1","Batch","137.61","0","0","-67478"
"1","Batch","138.51","0","0","-67377"
"1","Batch","139.27","0","0","-67368"
"1","Batch","139.55","0","0","-67360"
"1","Batch","139.56","0","0","-67217"
"1","Batch","140.77","0","0","-67068"
"1","Batch","144.43","0","0","-67067"
"1","Batch","144.63","0","0","-67024"
"1","Batch","146.38","0","0","-67018"
"1","Batch","147.43","0","0","-66996"
"1","Batch","147.66","0","0","-66955"
"1","Batch","149.70","0","0","-66944"
"1","Batch","150.95","0","0","-66936"
"1","Batch","152.13","0","0","-66905"
"1","Batch","152.31","0","0","-66898"
"1","Batch","155.08","0","0","-66868"
"1","Batch","180.09","0","-120000","-115472"
"1","Batch","180.09","0","-120000","-115215"
"1","Batch","180.09","0","-120000","-114636"
"1","Batch","180.10","0","-120000","-114398"
"1","Batch","180.10","0","-120000","-114273"
"1","Batch","180.10","0","-120000","-113997"
"1","Batch","180.10","0","-120000","-113965"
"1","Batch","180.10","0","-120000","-113904"
"1","Batch","180.10","0","-120000","-113625"
"1","Batch","180.10","0","-120000","-113535"
"1","Batch","180.10","0","-120000","-113300"
"1","Batch","180.10","0","-120000","-113119"
"1","Batch","180.10","0","-120000","-112754"
"1","Batch","180.14","0","-120000","-112698"
"1","Batch","180.15","0","-120000","-112593"
"1","Batch","180.15","0","-120000","-112371"
"1","Batch","180.16","0","-120000","-112210"
"1","Batch","180.16","0","-120000","-112135"
"1","Batch","180.18","0","-120000","-112067"
"1","Batch","180.18","0","-120000","-111826"
"1","Batch","180.18","0","-120000","-111472"
"1","Batch","180.18","0","-120000","-110786"
"1","Batch","180.18","0","-120000","-110634"
"1","Batch","180.24","0","-120000","-109927"
"1","Batch","180.39","0","-120000","-109711"
"1","Batch","180.46","0","-120000","-109311"
"1","Batch","180.46","0","-120000","-109065"
"1","Batch","180.53","0","-120000","-109039"
"1","Batch","180.54","0","-120000","-108979"
"1","Batch","180.54","0","-120000","-108792"
"1","Batch","180.57","0","-120000","-108458"
"1","Batch","180.57","0","-120000","-108450"
"1","Batch","180.61","0","-120000","-108308"
"1","Batch","180.65","0","-120000","-108099"
"1","Batch","180.65","0","-120000","-108045"
"1","Batch","180.71","0","-120000","-108027"
"1","Batch","180.76","0","-120000","-108018"
"1","Batch","180.80","0","-120000","-107958"
"1","Batch","180.80","0","-120000","-107931"
"1","Batch","180.81","0","-120000","-107908"
"1","Batch","180.90","0","-120000","-107866"
"1","Batch","180.90","0","-120000","-107180"
"1","Batch","181.13","0","-120000","-106991"
"1","Batch","181.24","0","-120000","-106904"
"1","Batch","181.24","0","-120000","-106663"
"1","Batch","181.30","0","-120000","-106475"
"1","Batch","181.49","0","-120000","-106469"
"1","Batch","181.55","0","-120000","-106400"
"1","Batch","181.70","0","-120000","-106347"
"1","Batch","181.71","0","-120000","-106208"
"1","Batch","181.85","0","-120000","-106097"
"1","Batch","181.85","0","-120000","-105979"
"1","Batch","181.99","0","-120000","-105655"
"1","Batch","182.17","0","-120000","-105640"
"1","Batch","182.19","0","-120000","-105563"
"1","Batch","182.31","0","-120000","-105444"
"1","Batch","182.54","0","-120000","-105317"
"1","Batch","182.54","0","-120000","-104929"
"1","Batch","182.74","0","-120000","-104851"
"1","Batch","182.94","0","-120000","-104591"
"1","Batch","182.94","0","-120000","-104201"
"1","Batch","184.45","0","-120000","-104180"
"1","Batch","184.60","0","-120000","-104097"
"1","Batch","185.25","0","-120000","-103873"
"1","Batch","185.92","0","-120000","-103776"
"1","Batch","186.00","0","-120000","-103634"
"1","Batch","186.00","0","-120000","-103621"
"1","Batch","186.33","0","-120000","-103528"
"1","Batch","187.31","0","-120000","-103368"
"1","Batch","189.25","0","-120000","-103364"
"1","Batch","190.24","0","-120000","-103305"
"1","Batch","190.98","0","-120000","-103269"
"1","Batch","191.70","0","-120000","-103184"
"1","Batch","191.70","0","-120000","-103106"
"1","Batch","195.73","0","-120000","-103075"
"1","Batch","195.73","0","-120000","-103019"
"1","Batch","199.66","0","-120000","-103002"
"1","Batch","202.59","0","-120000","-102997"
"1","Batch","206.13","0","-120000","-102992"
"1","Global","0.02","0","-120000","-150392"
"1","Global","0.02","0","-120000","-150384"
"1","Global","0.02","0","-120000","-149665"
"1","Global","0.02","0","-120000","-149162"
"1","Global","0.02","0","-120000","-148443"
"1","Global","0.02","0","-120000","-147357"
"1","Global","0.02","0","-120000","-147070"
"1","Global","0.02","0","-120000","-146951"
"1","Global","0.02","0","-120000","-146845"
"1","Global","0.03","0","-120000","-146840"
"1","Global","0.04","0","-120000","-146229"
"1","Global","0.04","0","-120000","-146092"
"1","Global","0.04","0","-120000","-145615"
"1","Global","0.04","0","-120000","-145080"
"1","Global","0.06","0","-120000","-144328"
"1","Global","0.06","0","-120000","-144242"
"1","Global","0.06","0","-120000","-144225"
"1","Global","0.06","0","-120000","-144222"
"1","Global","0.06","0","-120000","-143987"
"1","Global","0.08","0","-120000","-143486"
"1","Global","0.08","0","-120000","-143235"
"1","Global","0.08","0","-120000","-143214"
"1","Global","0.08","0","-120000","-143042"
"1","Global","0.08","0","-120000","-142647"
"1","Global","0.09","0","-120000","-142460"
"1","Global","0.09","0","-120000","-142453"
"1","Global","0.09","0","-120000","-141690"
"1","Global","0.1","0","-120000","-141464"
"1","Global","0.1","0","-120000","-140561"
"1","Global","0.1","0","-120000","-139415"
"1","Global","0.1","0","-120000","-139061"
"1","Global","0.1","0","-120000","-138139"
"1","Global","0.14","0","-120000","-138063"
"1","Global","0.14","0","-120000","-137826"
"1","Global","0.14","0","-120000","-136907"
"1","Global","0.14","0","-120000","-136767"
"1","Global","0.16","0","-120000","-136455"
"1","Global","0.18","0","-120000","-136135"
"1","Global","0.18","0","-120000","-136111"
"1","Global","0.2","0","-120000","-136062"
"1","Global","0.2","0","-120000","-135952"
"1","Global","0.2","0","-120000","-135922"
"1","Global","0.2","0","-120000","-135068"
"1","Global","0.2","0","-120000","-134902"
"1","Global","0.2","0","-120000","-134340"
"1","Global","0.22","0","-120000","-134311"
"1","Global","0.22","0","-120000","-134093"
"1","Global","0.22","0","-120000","-133979"
"1","Global","0.24","0","-120000","-133826"
"1","Global","0.25","0","-120000","-133544"
"1","Global","0.26","0","-120000","-132883"
"1","Global","0.26","0","-120000","-132354"
"1","Global","0.3","0","-120000","-132332"
"1","Global","0.31","0","-120000","-131648"
"1","Global","0.32","0","-120000","-131628"
"1","Global","0.32","0","-120000","-131538"
"1","Global","0.33","0","-120000","-131000"
"1","Global","0.33","0","-120000","-130919"
"1","Global","0.33","0","-120000","-130192"
"1","Global","0.37","0","-120000","-129922"
"1","Global","0.39","0","-120000","-129386"
"1","Global","0.4","0","-120000","-129291"
"1","Global","0.43","0","-120000","-128972"
"1","Global","0.45","0","-120000","-128754"
"1","Global","0.47","0","-120000","-128558"
"1","Global","0.48","0","-120000","-128329"
"1","Global","0.5","0","-120000","-127240"
"1","Global","0.5","0","-120000","-126864"
"1","Global","0.5","0","-120000","-126785"
"1","Global","0.6","0","-120000","-126660"
"1","Global","0.6","0","-120000","-126555"
"1","Global","0.71","0","-120000","-126133"
"1","Global","0.71","0","-120000","-126124"
"1","Global","0.74","0","-120000","-125840"
"1","Global","0.76","0","-120000","-125741"
"1","Global","0.76","0","-120000","-124940"
"1","Global","0.79","0","-120000","-124699"
"1","Global","0.81","0","-120000","-124649"
"1","Global","0.81","0","-120000","-124052"
"1","Global","0.81","0","-120000","-123743"
"1","Global","0.99","0","-120000","-123203"
"1","Global","1.01","0","-120000","-123051"
"1","Global","1.05","0","-120000","-122559"
"1","Global","1.05","0","-120000","-121899"
"1","Global","1.09","0","-120000","-121891"
"1","Global","1.16","0","-120000","-121769"
"1","Global","1.2","0","-120000","-121569"
"1","Global","1.25","0","-120000","-121497"
"1","Global","1.26","0","-120000","-121030"
"1","Global","1.29","0","-120000","-120995"
"1","Global","1.32","0","-120000","-120967"
"1","Global","1.32","0","-120000","-120756"
"1","Global","1.36","0","-120000","-120443"
"1","Global","1.38","0","-120000","-120389"
"1","Global","1.38","0","-120000","-120284"
"1","Global","1.38","0","-120000","-120263"
"1","Global","1.38","0","-120000","-119696"
"1","Global","1.44","0","-120000","-119648"
"1","Global","1.44","0","-120000","-119462"
"1","Global","1.46","0","-120000","-118807"
"1","Global","1.55","0","-120000","-118378"
"1","Global","1.6","0","-120000","-118019"
"1","Global","1.69","0","-120000","-117679"
"1","Global","1.69","0","-120000","-117650"
"1","Global","1.76","0","-120000","-117625"
"1","Global","1.76","0","-120000","-117195"
"1","Global","1.84","0","-120000","-116845"
"1","Global","1.85","0","-120000","-116817"
"1","Global","1.85","0","-120000","-116241"
"1","Global","1.92","0","-120000","-116110"
"1","Global","1.92","0","-120000","-115788"
"1","Global","2.04","0","-120000","-115081"
"1","Global","2.13","0","-120000","-114914"
"1","Global","2.14","0","-120000","-114895"
"1","Global","2.14","0","-120000","-114580"
"1","Global","2.18","0","-120000","-114504"
"1","Global","2.18","0","-120000","-114489"
"1","Global","2.18","0","-120000","-114442"
"1","Global","2.23","0","-120000","-113979"
"1","Global","2.26","0","-120000","-113848"
"1","Global","2.3","0","-120000","-113625"
"1","Global","2.34","0","-120000","-113601"
"1","Global","2.37","0","-120000","-113360"
"1","Global","2.39","0","-120000","-113182"
"1","Global","2.39","0","-120000","-112944"
"1","Global","2.39","0","-120000","-112655"
"1","Global","2.5","0","-120000","-112614"
"1","Global","2.52","0","-120000","-112460"
"1","Global","2.54","0","-120000","-112396"
"1","Global","2.6","0","-120000","-112303"
"1","Global","2.6","0","-120000","-112230"
"1","Global","2.61","0","-120000","-111910"
"1","Global","2.66","0","-120000","-111802"
"1","Global","2.67","0","-120000","-111678"
"1","Global","2.7","0","-120000","-111198"
"1","Global","2.76","0","-120000","-110855"
"1","Global","2.82","0","-120000","-110832"
"1","Global","2.82","0","-120000","-110656"
"1","Global","2.82","0","-120000","-110445"
"1","Global","3.07","0","-120000","-110247"
"1","Global","3.11","0","-120000","-110101"
"1","Global","3.13","0","-120000","-110020"
"1","Global","3.21","0","-120000","-109772"
"1","Global","3.29","0","-120000","-109335"
"1","Global","3.42","0","-120000","-109323"
"1","Global","3.44","0","-120000","-109268"
"1","Global","3.44","0","-120000","-109186"
"1","Global","3.44","0","-120000","-109003"
"1","Global","3.46","0","-120000","-108946"
"1","Global","3.55","0","-120000","-108888"
"1","Global","3.56","0","-120000","-108608"
"1","Global","3.58","0","-120000","-108545"
"1","Global","3.69","0","-120000","-108479"
"1","Global","3.69","0","-120000","-108214"
"1","Global","3.75","0","-120000","-108096"
"1","Global","3.78","0","-120000","-107752"
"1","Global","3.99","0","-120000","-107464"
"1","Global","4.04","0","-120000","-107424"
"1","Global","4.15","0","-120000","-107259"
"1","Global","4.19","0","-120000","-107124"
"1","Global","4.35","0","-120000","-107093"
"1","Global","4.42","0","-120000","-106898"
"1","Global","4.43","0","-120000","-106838"
"1","Global","4.45","0","-120000","-106765"
"1","Global","4.47","0","-120000","-106692"
"1","Global","4.52","0","-120000","-106675"
"1","Global","4.52","0","-120000","-106667"
"1","Global","4.53","0","-120000","-106561"
"1","Global","4.55","0","-120000","-106428"
"1","Global","4.56","0","-120000","-106252"
"1","Global","4.6","0","-120000","-106206"
"1","Global","4.61","0","-120000","-105932"
"1","Global","4.64","0","-120000","-105899"
"1","Global","4.79","0","-120000","-105828"
"1","Global","4.85","0","-120000","-105741"
"1","Global","4.92","0","-120000","-105658"
"1","Global","4.93","0","-120000","-105643"
"1","Global","5.04","0","-120000","-105444"
"1","Global","5.09","0","-120000","-105378"
"1","Global","5.13","0","-120000","-105180"
"1","Global","5.21","0","-120000","-104901"
"1","Global","5.27","0","-120000","-104630"
"1","Global","5.29","0","-120000","-104512"
"1","Global","5.34","0","-120000","-104451"
"1","Global","5.48","0","-120000","-104417"
"1","Global","5.49","0","-120000","-104373"
"1","Global","5.49","0","-120000","-104243"
"1","Global","5.51","0","-120000","-104230"
"1","Global","5.53","0","-120000","-104216"
"1","Global","5.56","0","-120000","-104190"
"1","Global","5.6","0","-120000","-104064"
"1","Global","5.63","0","-120000","-103953"
"1","Global","5.73","0","-120000","-103837"
"1","Global","5.76","0","-120000","-103836"
"1","Global","5.76","0","-120000","-103758"
"1","Global","5.85","0","-120000","-103745"
"1","Global","5.89","0","-120000","-103640"
"1","Global","6.03","0","-120000","-103472"
"1","Global","6.14","0","-120000","-103406"
"1","Global","6.17","0","-120000","-103395"
"1","Global","6.23","0","-120000","-103374"
"1","Global","6.34","0","-120000","-103350"
"1","Global","6.39","0","-120000","-103285"
"1","Global","6.49","0","-120000","-103192"
"1","Global","6.5","0","-120000","-103160"
"1","Global","6.5","0","-120000","-103130"
"1","Global","6.82","0","-120000","-103057"
"1","Global","7.05","0","-120000","-103041"
"1","Global","7.17","0","-120000","-103036"
"1","Global","7.22","0","-120000","-103014"
"1","Global","7.33","0","-120000","-102997"
"1","Global","7.41","0","-120000","-102992"
"2","Batch","0","0","0","-36992"
"2","Batch","0","0","0","-36559"
"2","Batch","0","0","0","-36551"
"2","Batch","0","0","0","-35967"
"2","Batch","0","0","0","-35710"
"2","Batch","0","0","0","-35131"
"2","Batch","0","0","0","-34358"
"2","Batch","0","0","0","-33620"
"2","Batch","0.01","0","0","-33214"
"2","Batch","0.01","0","0","-32561"
"2","Batch","0.01","0","0","-32556"
"2","Batch","0.01","0","0","-32244"
"2","Batch","0.03","0","0","-32058"
"2","Batch","0.04","0","0","-31950"
"2","Batch","0.04","0","0","-31677"
"2","Batch","0.04","0","0","-30809"
"2","Batch","0.05","0","0","-30554"
"2","Batch","0.07","0","0","-29999"
"2","Batch","0.09","0","0","-29943"
"2","Batch","0.09","0","0","-29882"
"2","Batch","0.09","0","0","-29663"
"2","Batch","0.09","0","0","-29559"
"2","Batch","0.09","0","0","-29440"
"2","Batch","0.11","0","0","-29323"
"2","Batch","0.11","0","0","-28926"
"2","Batch","0.11","0","0","-28766"
"2","Batch","0.11","0","0","-28096"
"2","Batch","0.11","0","0","-27879"
"2","Batch","0.12","0","0","-27781"
"2","Batch","0.14","0","0","-27765"
"2","Batch","0.15","0","0","-26870"
"2","Batch","0.17","0","0","-26858"
"2","Batch","0.19","0","0","-26798"
"2","Batch","0.19","0","0","-26186"
"2","Batch","0.19","0","0","-25937"
"2","Batch","0.23","0","0","-25855"
"2","Batch","0.23","0","0","-25337"
"2","Batch","0.23","0","0","-24974"
"2","Batch","0.24","0","0","-24155"
"2","Batch","0.31","0","0","-23645"
"2","Batch","0.36","0","0","-23028"
"2","Batch","0.4","0","0","-22926"
"2","Batch","0.4","0","0","-22711"
"2","Batch","0.4","0","0","-22178"
"2","Batch","0.44","0","0","-21558"
"2","Batch","0.49","0","0","-21323"
"2","Batch","0.51","0","0","-20949"
"2","Batch","0.52","0","0","-20948"
"2","Batch","0.52","0","0","-20881"
"2","Batch","0.52","0","0","-20835"
"2","Batch","0.52","0","0","-20732"
"2","Batch","0.52","0","0","-20428"
"2","Batch","0.57","0","0","-20266"
"2","Batch","0.57","0","0","-19615"
"2","Batch","0.57","0","0","-19472"
"2","Batch","0.62","0","0","-19435"
"2","Batch","0.62","0","0","-19307"
"2","Batch","0.68","0","0","-19238"
"2","Batch","0.68","0","0","-19087"
"2","Batch","0.68","0","0","-18857"
"2","Batch","0.73","0","0","-18802"
"2","Batch","0.73","0","0","-18776"
"2","Batch","0.73","0","0","-17710"
"2","Batch","0.84","0","0","-17443"
"2","Batch","0.94","0","0","-17187"
"2","Batch","1.03","0","0","-16797"
"2","Batch","1.03","0","0","-16643"
"2","Batch","1.03","0","0","-16319"
"2","Batch","1.03","0","0","-16075"
"2","Batch","1.2","0","0","-15933"
"2","Batch","1.24","0","0","-15874"
"2","Batch","1.24","0","0","-14995"
"2","Batch","1.36","0","0","-14948"
"2","Batch","1.62","0","0","-14616"
"2","Batch","1.76","0","0","-14569"
"2","Batch","1.82","0","0","-14380"
"2","Batch","1.95","0","0","-14095"
"2","Batch","2.01","0","0","-14055"
"2","Batch","2.06","0","0","-14028"
"2","Batch","2.08","0","0","-14000"
"2","Batch","2.11","0","0","-13900"
"2","Batch","2.13","0","0","-13720"
"2","Batch","2.13","0","0","-13593"
"2","Batch","2.21","0","0","-13111"
"2","Batch","2.41","0","0","-13052"
"2","Batch","2.42","0","0","-13013"
"2","Batch","2.43","0","0","-12993"
"2","Batch","2.51","0","0","-12957"
"2","Batch","2.51","0","0","-12885"
"2","Batch","2.52","0","0","-12874"
"2","Batch","2.52","0","0","-12860"
"2","Batch","2.52","0","0","-12841"
"2","Batch","2.57","0","0","-12804"
"2","Batch","2.62","0","0","-12720"
"2","Batch","2.63","0","0","-12523"
"2","Batch","2.64","0","0","-12504"
"2","Batch","2.78","0","0","-12469"
"2","Batch","2.78","0","0","-12220"
"2","Batch","2.97","0","0","-12105"
"2","Batch","3.01","0","0","-11734"
"2","Batch","3.15","0","0","-11593"
"2","Batch","3.27","0","0","-11524"
"2","Batch","3.44","0","0","-11202"
"2","Batch","3.59","0","0","-11046"
"2","Batch","3.84","0","0","-10805"
"2","Batch","3.97","0","0","-10804"
"2","Batch","3.99","0","0","-10793"
"2","Batch","3.99","0","0","-10728"
"2","Batch","4.02","0","0","-10346"
"2","Batch","4.02","0","0","-10154"
"2","Batch","4.52","0","0","-10127"
"2","Batch","4.52","0","0","-10086"
"2","Batch","4.72","0","0","-9986"
"2","Batch","4.72","0","0","-9928"
"2","Batch","5.02","0","0","-9832"
"2","Batch","5.11","0","0","-9599"
"2","Batch","5.12","0","0","-9551"
"2","Batch","5.48","0","0","-9492"
"2","Batch","5.49","0","0","-9345"
"2","Batch","5.7","0","0","-9137"
"2","Batch","6.58","0","0","-9014"
"2","Batch","6.64","0","0","-8873"
"2","Batch","6.74","0","0","-8857"
"2","Batch","7.18","0","0","-8837"
"2","Batch","7.26","0","0","-8827"
"2","Batch","7.29","0","0","-8709"
"2","Batch","7.42","0","0","-8505"
"2","Batch","8.14","0","0","-8132"
"2","Batch","9.23","0","0","-8047"
"2","Batch","9.61","0","0","-8014"
"2","Batch","9.66","0","0","-7959"
"2","Batch","10","0","0","-7887"
"2","Batch","10","0","0","-7617"
"2","Batch","10.82","0","0","-7555"
"2","Batch","11.31","0","0","-7490"
"2","Batch","11.7","0","0","-7462"
"2","Batch","12.2","0","0","-7386"
"2","Batch","13.47","0","0","-7327"
"2","Batch","13.48","0","0","-7282"
"2","Batch","13.49","0","0","-7118"
"2","Batch","15.93","0","0","-6973"
"2","Batch","17.27","0","0","-6816"
"2","Batch","20.77","0","0","-6767"
"2","Batch","21.75","0","0","-6757"
"2","Batch","22.78","0","0","-6726"
"2","Batch","22.91","0","0","-6678"
"2","Batch","23.95","0","0","-6671"
"2","Batch","25.15","0","0","-6579"
"2","Batch","26.33","0","0","-6543"
"2","Batch","28.76","0","0","-6538"
"2","Batch","31.78","0","0","-6527"
"2","Batch","32.86","0","0","-6490"
"2","Batch","35.52","0","0","-6476"
"2","Batch","37.86","0","0","-6462"
"2","Batch","41.58","0","0","-6448"
"2","Batch","66.59","0","0","-56032"
"2","Batch","66.59","0","0","-55599"
"2","Batch","66.59","0","0","-55591"
"2","Batch","66.60","0","0","-55007"
"2","Batch","66.60","0","0","-54750"
"2","Batch","66.60","0","0","-54171"
"2","Batch","66.60","0","0","-53398"
"2","Batch","66.60","0","0","-52660"
"2","Batch","66.60","0","0","-52254"
"2","Batch","66.60","0","0","-51466"
"2","Batch","66.60","0","0","-51461"
"2","Batch","66.60","0","0","-50853"
"2","Batch","66.62","0","0","-50809"
"2","Batch","66.62","0","0","-50590"
"2","Batch","66.62","0","0","-50163"
"2","Batch","66.62","0","0","-50004"
"2","Batch","66.63","0","0","-49814"
"2","Batch","66.63","0","0","-49503"
"2","Batch","66.63","0","0","-49067"
"2","Batch","66.63","0","0","-48895"
"2","Batch","66.63","0","0","-47787"
"2","Batch","66.67","0","0","-47759"
"2","Batch","66.67","0","0","-46686"
"2","Batch","66.70","0","0","-46206"
"2","Batch","66.71","0","0","-45890"
"2","Batch","66.74","0","0","-45698"
"2","Batch","66.74","0","0","-45311"
"2","Batch","66.74","0","0","-45209"
"2","Batch","66.78","0","0","-44900"
"2","Batch","66.78","0","0","-44672"
"2","Batch","66.79","0","0","-44197"
"2","Batch","66.82","0","0","-43922"
"2","Batch","66.82","0","0","-43859"
"2","Batch","66.82","0","0","-43838"
"2","Batch","66.87","0","0","-43830"
"2","Batch","66.87","0","0","-43503"
"2","Batch","66.87","0","0","-43427"
"2","Batch","66.87","0","0","-42894"
"2","Batch","66.87","0","0","-42849"
"2","Batch","66.87","0","0","-42567"
"2","Batch","66.87","0","0","-42556"
"2","Batch","66.90","0","0","-42219"
"2","Batch","66.92","0","0","-42179"
"2","Batch","66.93","0","0","-41840"
"2","Batch","66.93","0","0","-41215"
"2","Batch","67.07","0","0","-41213"
"2","Batch","67.09","0","0","-41203"
"2","Batch","67.12","0","0","-40367"
"2","Batch","67.12","0","0","-39786"
"2","Batch","67.23","0","0","-39553"
"2","Batch","67.29","0","0","-39518"
"2","Batch","67.29","0","0","-39502"
"2","Batch","67.30","0","0","-39381"
"2","Batch","67.30","0","0","-39005"
"2","Batch","67.30","0","0","-38891"
"2","Batch","67.46","0","0","-38596"
"2","Batch","67.53","0","0","-38224"
"2","Batch","67.53","0","0","-37747"
"2","Batch","67.53","0","0","-37622"
"2","Batch","67.53","0","0","-36744"
"2","Batch","67.84","0","0","-36463"
"2","Batch","68.07","0","0","-36133"
"2","Batch","68.27","0","0","-35720"
"2","Batch","68.27","0","0","-35556"
"2","Batch","68.36","0","0","-35472"
"2","Batch","68.37","0","0","-35425"
"2","Batch","68.57","0","0","-35027"
"2","Batch","68.58","0","0","-34531"
"2","Batch","69.19","0","0","-34433"
"2","Batch","69.19","0","0","-34407"
"2","Batch","69.22","0","0","-34395"
"2","Batch","69.22","0","0","-34236"
"2","Batch","69.22","0","0","-33960"
"2","Batch","69.52","0","0","-33715"
"2","Batch","69.83","0","0","-33677"
"2","Batch","69.83","0","0","-33654"
"2","Batch","69.94","0","0","-33406"
"2","Batch","69.97","0","0","-33381"
"2","Batch","70.25","0","0","-33154"
"2","Batch","70.48","0","0","-32970"
"2","Batch","70.48","0","0","-32860"
"2","Batch","71.67","0","0","-32790"
"2","Batch","71.67","0","0","-32548"
"2","Batch","71.91","0","0","-32529"
"2","Batch","72.15","0","0","-32376"
"2","Batch","72.96","0","0","-32336"
"2","Batch","73.27","0","0","-32274"
"2","Batch","73.55","0","0","-32248"
"2","Batch","73.82","0","0","-32230"
"2","Batch","73.83","0","0","-32214"
"2","Batch","73.84","0","0","-32069"
"2","Batch","74.12","0","0","-32029"
"2","Batch","74.12","0","0","-31999"
"2","Batch","74.14","0","0","-31924"
"2","Batch","75.05","0","0","-31879"
"2","Batch","75.49","0","0","-31828"
"2","Batch","76.16","0","0","-31807"
"2","Batch","76.16","0","0","-31707"
"2","Batch","76.32","0","0","-31639"
"2","Batch","76.68","0","0","-31620"
"2","Batch","77.14","0","0","-31593"
"2","Batch","77.54","0","0","-31511"
"2","Batch","77.74","0","0","-31497"
"2","Batch","79.11","0","0","-31496"
"2","Batch","79.46","0","0","-31490"
"2","Batch","79.65","0","0","-31481"
"2","Batch","79.66","0","0","-31466"
"2","Batch","79.67","0","0","-31418"
"2","Batch","79.98","0","0","-31411"
"2","Batch","80.29","0","0","-31349"
"2","Batch","80.29","0","0","-31276"
"2","Batch","81.64","0","0","-31234"
"2","Batch","83.03","0","0","-31220"
"2","Batch","83.79","0","0","-31162"
"2","Batch","84.13","0","0","-31144"
"2","Batch","84.62","0","0","-31074"
"2","Batch","86.49","0","0","-31063"
"2","Batch","89.00","0","0","-31027"
"2","Batch","92.10","0","0","-30992"
"2","Batch","93.06","0","0","-30985"
"2","Batch","93.84","0","0","-30958"
"2","Batch","96.71","0","0","-30934"
"2","Batch","97.19","0","0","-30928"
"2","Batch","101.15","0","0","-30893"
"2","Batch","101.62","0","0","-30864"
"2","Batch","126.63","0","0","-86672"
"2","Batch","126.63","0","0","-86239"
"2","Batch","126.63","0","0","-86231"
"2","Batch","126.63","0","0","-85458"
"2","Batch","126.63","0","0","-84720"
"2","Batch","126.63","0","0","-84314"
"2","Batch","126.64","0","0","-84206"
"2","Batch","126.64","0","0","-83895"
"2","Batch","126.64","0","0","-83881"
"2","Batch","126.65","0","0","-83815"
"2","Batch","126.65","0","0","-83331"
"2","Batch","126.66","0","0","-83126"
"2","Batch","126.66","0","0","-83050"
"2","Batch","126.67","0","0","-83031"
"2","Batch","126.67","0","0","-82650"
"2","Batch","126.67","0","0","-82347"
"2","Batch","126.67","0","0","-82306"
"2","Batch","126.67","0","0","-82197"
"2","Batch","126.67","0","0","-82176"
"2","Batch","126.67","0","0","-82038"
"2","Batch","126.70","0","0","-81950"
"2","Batch","126.70","0","0","-81813"
"2","Batch","126.71","0","0","-81783"
"2","Batch","126.72","0","0","-81493"
"2","Batch","126.72","0","0","-80852"
"2","Batch","126.72","0","0","-80470"
"2","Batch","126.72","0","0","-79656"
"2","Batch","126.72","0","0","-79534"
"2","Batch","126.72","0","0","-79077"
"2","Batch","126.77","0","0","-79014"
"2","Batch","126.77","0","0","-78868"
"2","Batch","126.83","0","0","-78701"
"2","Batch","126.88","0","0","-78645"
"2","Batch","126.88","0","0","-78037"
"2","Batch","126.92","0","0","-77491"
"2","Batch","126.92","0","0","-77366"
"2","Batch","126.94","0","0","-77348"
"2","Batch","126.94","0","0","-77289"
"2","Batch","127.01","0","0","-76915"
"2","Batch","127.04","0","0","-76683"
"2","Batch","127.04","0","0","-76515"
"2","Batch","127.07","0","0","-76178"
"2","Batch","127.14","0","0","-75897"
"2","Batch","127.14","0","0","-75664"
"2","Batch","127.15","0","0","-75417"
"2","Batch","127.20","0","0","-75016"
"2","Batch","127.28","0","0","-74540"
"2","Batch","127.28","0","0","-74249"
"2","Batch","127.28","0","0","-74206"
"2","Batch","127.37","0","0","-74010"
"2","Batch","127.37","0","0","-73964"
"2","Batch","127.37","0","0","-73594"
"2","Batch","127.63","0","0","-73508"
"2","Batch","127.63","0","0","-73384"
"2","Batch","127.63","0","0","-73225"
"2","Batch","127.74","0","0","-73067"
"2","Batch","127.74","0","0","-72709"
"2","Batch","127.83","0","0","-72599"
"2","Batch","127.84","0","0","-72424"
"2","Batch","127.92","0","0","-72143"
"2","Batch","128.27","0","0","-71832"
"2","Batch","128.38","0","0","-71648"
"2","Batch","128.46","0","0","-71352"
"2","Batch","128.46","0","0","-71334"
"2","Batch","128.57","0","0","-71169"
"2","Batch","128.57","0","0","-71114"
"2","Batch","128.58","0","0","-70904"
"2","Batch","128.70","0","0","-70848"
"2","Batch","128.70","0","0","-70383"
"2","Batch","128.70","0","0","-70378"
"2","Batch","128.93","0","0","-70169"
"2","Batch","129.41","0","0","-70152"
"2","Batch","129.52","0","0","-70133"
"2","Batch","129.56","0","0","-70020"
"2","Batch","129.57","0","0","-69312"
"2","Batch","129.78","0","0","-68832"
"2","Batch","130.93","0","0","-68826"
"2","Batch","131.25","0","0","-68665"
"2","Batch","131.58","0","0","-68625"
"2","Batch","131.72","0","0","-68481"
"2","Batch","131.97","0","0","-68471"
"2","Batch","132.05","0","0","-68303"
"2","Batch","132.05","0","0","-68276"
"2","Batch","132.36","0","0","-68249"
"2","Batch","132.68","0","0","-68004"
"2","Batch","132.68","0","0","-67966"
"2","Batch","133.48","0","0","-67826"
"2","Batch","134.12","0","0","-67816"
"2","Batch","134.62","0","0","-67744"
"2","Batch","134.81","0","0","-67743"
"2","Batch","134.83","0","0","-67708"
"2","Batch","135.23","0","0","-67676"
"2","Batch","135.41","0","0","-67662"
"2","Batch","135.52","0","0","-67614"
"2","Batch","135.79","0","0","-67511"
"2","Batch","136.09","0","0","-67491"
"2","Batch","136.09","0","0","-67478"
"2","Batch","136.99","0","0","-67377"
"2","Batch","137.75","0","0","-67368"
"2","Batch","138.03","0","0","-67360"
"2","Batch","138.04","0","0","-67217"
"2","Batch","139.24","0","0","-67068"
"2","Batch","142.92","0","0","-67067"
"2","Batch","143.11","0","0","-67024"
"2","Batch","144.88","0","0","-67018"
"2","Batch","145.92","0","0","-66996"
"2","Batch","146.13","0","0","-66955"
"2","Batch","148.17","0","0","-66944"
"2","Batch","149.46","0","0","-66936"
"2","Batch","150.77","0","0","-66905"
"2","Batch","150.96","0","0","-66898"
"2","Batch","153.81","0","0","-66868"
"2","Batch","178.83","0","-120000","-115472"
"2","Batch","178.83","0","-120000","-115215"
"2","Batch","178.83","0","-120000","-114636"
"2","Batch","178.83","0","-120000","-114398"
"2","Batch","178.84","0","-120000","-114273"
"2","Batch","178.84","0","-120000","-113997"
"2","Batch","178.84","0","-120000","-113965"
"2","Batch","178.84","0","-120000","-113904"
"2","Batch","178.84","0","-120000","-113625"
"2","Batch","178.84","0","-120000","-113535"
"2","Batch","178.84","0","-120000","-113300"
"2","Batch","178.84","0","-120000","-113119"
"2","Batch","178.84","0","-120000","-112754"
"2","Batch","178.88","0","-120000","-112698"
"2","Batch","178.89","0","-120000","-112593"
"2","Batch","178.89","0","-120000","-112371"
"2","Batch","178.90","0","-120000","-112210"
"2","Batch","178.91","0","-120000","-112135"
"2","Batch","178.92","0","-120000","-112067"
"2","Batch","178.92","0","-120000","-111826"
"2","Batch","178.92","0","-120000","-111472"
"2","Batch","178.92","0","-120000","-110786"
"2","Batch","178.93","0","-120000","-110634"
"2","Batch","178.99","0","-120000","-109927"
"2","Batch","179.15","0","-120000","-109711"
"2","Batch","179.22","0","-120000","-109311"
"2","Batch","179.22","0","-120000","-109065"
"2","Batch","179.30","0","-120000","-109039"
"2","Batch","179.31","0","-120000","-108979"
"2","Batch","179.31","0","-120000","-108792"
"2","Batch","179.34","0","-120000","-108458"
"2","Batch","179.34","0","-120000","-108450"
"2","Batch","179.39","0","-120000","-108308"
"2","Batch","179.44","0","-120000","-108099"
"2","Batch","179.44","0","-120000","-108045"
"2","Batch","179.50","0","-120000","-108027"
"2","Batch","179.55","0","-120000","-108018"
"2","Batch","179.61","0","-120000","-107958"
"2","Batch","179.61","0","-120000","-107931"
"2","Batch","179.61","0","-120000","-107908"
"2","Batch","179.71","0","-120000","-107866"
"2","Batch","179.71","0","-120000","-107180"
"2","Batch","179.95","0","-120000","-106991"
"2","Batch","180.06","0","-120000","-106904"
"2","Batch","180.06","0","-120000","-106663"
"2","Batch","180.12","0","-120000","-106475"
"2","Batch","180.31","0","-120000","-106469"
"2","Batch","180.38","0","-120000","-106400"
"2","Batch","180.54","0","-120000","-106347"
"2","Batch","180.54","0","-120000","-106208"
"2","Batch","180.68","0","-120000","-106097"
"2","Batch","180.68","0","-120000","-105979"
"2","Batch","180.82","0","-120000","-105655"
"2","Batch","181.01","0","-120000","-105640"
"2","Batch","181.03","0","-120000","-105563"
"2","Batch","181.16","0","-120000","-105444"
"2","Batch","181.40","0","-120000","-105317"
"2","Batch","181.40","0","-120000","-104929"
"2","Batch","181.60","0","-120000","-104851"
"2","Batch","181.80","0","-120000","-104591"
"2","Batch","181.80","0","-120000","-104201"
"2","Batch","183.33","0","-120000","-104180"
"2","Batch","183.48","0","-120000","-104097"
"2","Batch","184.14","0","-120000","-103873"
"2","Batch","184.83","0","-120000","-103776"
"2","Batch","184.90","0","-120000","-103634"
"2","Batch","184.90","0","-120000","-103621"
"2","Batch","185.24","0","-120000","-103528"
"2","Batch","186.22","0","-120000","-103368"
"2","Batch","188.15","0","-120000","-103364"
"2","Batch","189.15","0","-120000","-103305"
"2","Batch","189.90","0","-120000","-103269"
"2","Batch","190.62","0","-120000","-103184"
"2","Batch","190.62","0","-120000","-103106"
"2","Batch","194.47","0","-120000","-103075"
"2","Batch","194.48","0","-120000","-103019"
"2","Batch","198.31","0","-120000","-103002"
"2","Batch","201.02","0","-120000","-102997"
"2","Batch","204.35","0","-120000","-102992"
"2","Global","0.02","0","-120000","-150392"
"2","Global","0.02","0","-120000","-150384"
"2","Global","0.02","0","-120000","-149665"
"2","Global","0.02","0","-120000","-149162"
"2","Global","0.02","0","-120000","-148443"
"2","Global","0.02","0","-120000","-147357"
"2","Global","0.03","0","-120000","-147070"
"2","Global","0.03","0","-120000","-146951"
"2","Global","0.03","0","-120000","-146845"
"2","Global","0.03","0","-120000","-146840"
"2","Global","0.05","0","-120000","-146229"
"2","Global","0.05","0","-120000","-146092"
"2","Global","0.05","0","-120000","-145615"
"2","Global","0.05","0","-120000","-145080"
"2","Global","0.07","0","-120000","-144328"
"2","Global","0.07","0","-120000","-144242"
"2","Global","0.07","0","-120000","-144225"
"2","Global","0.07","0","-120000","-144222"
"2","Global","0.07","0","-120000","-143987"
"2","Global","0.08","0","-120000","-143486"
"2","Global","0.08","0","-120000","-143235"
"2","Global","0.08","0","-120000","-143214"
"2","Global","0.09","0","-120000","-143042"
"2","Global","0.09","0","-120000","-142647"
"2","Global","0.1","0","-120000","-142460"
"2","Global","0.1","0","-120000","-142453"
"2","Global","0.1","0","-120000","-141690"
"2","Global","0.1","0","-120000","-141464"
"2","Global","0.1","0","-120000","-140561"
"2","Global","0.1","0","-120000","-139415"
"2","Global","0.1","0","-120000","-139061"
"2","Global","0.1","0","-120000","-138139"
"2","Global","0.14","0","-120000","-138063"
"2","Global","0.14","0","-120000","-137826"
"2","Global","0.14","0","-120000","-136907"
"2","Global","0.14","0","-120000","-136767"
"2","Global","0.16","0","-120000","-136455"
"2","Global","0.18","0","-120000","-136135"
"2","Global","0.18","0","-120000","-136111"
"2","Global","0.2","0","-120000","-136062"
"2","Global","0.2","0","-120000","-135952"
"2","Global","0.2","0","-120000","-135922"
"2","Global","0.2","0","-120000","-135068"
"2","Global","0.2","0","-120000","-134902"
"2","Global","0.21","0","-120000","-134340"
"2","Global","0.22","0","-120000","-134311"
"2","Global","0.22","0","-120000","-134093"
"2","Global","0.22","0","-120000","-133979"
"2","Global","0.24","0","-120000","-133826"
"2","Global","0.25","0","-120000","-133544"
"2","Global","0.26","0","-120000","-132883"
"2","Global","0.27","0","-120000","-132354"
"2","Global","0.3","0","-120000","-132332"
"2","Global","0.32","0","-120000","-131648"
"2","Global","0.32","0","-120000","-131628"
"2","Global","0.32","0","-120000","-131538"
"2","Global","0.34","0","-120000","-131000"
"2","Global","0.34","0","-120000","-130919"
"2","Global","0.34","0","-120000","-130192"
"2","Global","0.38","0","-120000","-129922"
"2","Global","0.4","0","-120000","-129386"
"2","Global","0.41","0","-120000","-129291"
"2","Global","0.44","0","-120000","-128972"
"2","Global","0.46","0","-120000","-128754"
"2","Global","0.48","0","-120000","-128558"
"2","Global","0.5","0","-120000","-128329"
"2","Global","0.52","0","-120000","-127240"
"2","Global","0.52","0","-120000","-126864"
"2","Global","0.52","0","-120000","-126785"
"2","Global","0.61","0","-120000","-126660"
"2","Global","0.61","0","-120000","-126555"
"2","Global","0.73","0","-120000","-126133"
"2","Global","0.73","0","-120000","-126124"
"2","Global","0.75","0","-120000","-125840"
"2","Global","0.77","0","-120000","-125741"
"2","Global","0.77","0","-120000","-124940"
"2","Global","0.79","0","-120000","-124699"
"2","Global","0.81","0","-120000","-124649"
"2","Global","0.81","0","-120000","-124052"
"2","Global","0.81","0","-120000","-123743"
"2","Global","0.99","0","-120000","-123203"
"2","Global","1.02","0","-120000","-123051"
"2","Global","1.05","0","-120000","-122559"
"2","Global","1.05","0","-120000","-121899"
"2","Global","1.09","0","-120000","-121891"
"2","Global","1.13","0","-120000","-121769"
"2","Global","1.17","0","-120000","-121569"
"2","Global","1.22","0","-120000","-121497"
"2","Global","1.23","0","-120000","-121030"
"2","Global","1.26","0","-120000","-120995"
"2","Global","1.29","0","-120000","-120967"
"2","Global","1.29","0","-120000","-120756"
"2","Global","1.33","0","-120000","-120443"
"2","Global","1.35","0","-120000","-120389"
"2","Global","1.35","0","-120000","-120284"
"2","Global","1.35","0","-120000","-120263"
"2","Global","1.35","0","-120000","-119696"
"2","Global","1.42","0","-120000","-119648"
"2","Global","1.42","0","-120000","-119462"
"2","Global","1.44","0","-120000","-118807"
"2","Global","1.52","0","-120000","-118378"
"2","Global","1.58","0","-120000","-118019"
"2","Global","1.66","0","-120000","-117679"
"2","Global","1.66","0","-120000","-117650"
"2","Global","1.74","0","-120000","-117625"
"2","Global","1.74","0","-120000","-117195"
"2","Global","1.82","0","-120000","-116845"
"2","Global","1.82","0","-120000","-116817"
"2","Global","1.82","0","-120000","-116241"
"2","Global","1.9","0","-120000","-116110"
"2","Global","1.9","0","-120000","-115788"
"2","Global","2.02","0","-120000","-115081"
"2","Global","2.12","0","-120000","-114914"
"2","Global","2.12","0","-120000","-114895"
"2","Global","2.12","0","-120000","-114580"
"2","Global","2.16","0","-120000","-114504"
"2","Global","2.16","0","-120000","-114489"
"2","Global","2.17","0","-120000","-114442"
"2","Global","2.21","0","-120000","-113979"
"2","Global","2.24","0","-120000","-113848"
"2","Global","2.29","0","-120000","-113625"
"2","Global","2.33","0","-120000","-113601"
"2","Global","2.35","0","-120000","-113360"
"2","Global","2.37","0","-120000","-113182"
"2","Global","2.37","0","-120000","-112944"
"2","Global","2.37","0","-120000","-112655"
"2","Global","2.48","0","-120000","-112614"
"2","Global","2.5","0","-120000","-112460"
"2","Global","2.52","0","-120000","-112396"
"2","Global","2.58","0","-120000","-112303"
"2","Global","2.58","0","-120000","-112230"
"2","Global","2.59","0","-120000","-111910"
"2","Global","2.64","0","-120000","-111802"
"2","Global","2.65","0","-120000","-111678"
"2","Global","2.69","0","-120000","-111198"
"2","Global","2.74","0","-120000","-110855"
"2","Global","2.81","0","-120000","-110832"
"2","Global","2.81","0","-120000","-110656"
"2","Global","2.81","0","-120000","-110445"
"2","Global","3.06","0","-120000","-110247"
"2","Global","3.11","0","-120000","-110101"
"2","Global","3.12","0","-120000","-110020"
"2","Global","3.2","0","-120000","-109772"
"2","Global","3.29","0","-120000","-109335"
"2","Global","3.42","0","-120000","-109323"
"2","Global","3.43","0","-120000","-109268"
"2","Global","3.43","0","-120000","-109186"
"2","Global","3.44","0","-120000","-109003"
"2","Global","3.45","0","-120000","-108946"
"2","Global","3.54","0","-120000","-108888"
"2","Global","3.55","0","-120000","-108608"
"2","Global","3.58","0","-120000","-108545"
"2","Global","3.68","0","-120000","-108479"
"2","Global","3.68","0","-120000","-108214"
"2","Global","3.74","0","-120000","-108096"
"2","Global","3.77","0","-120000","-107752"
"2","Global","3.97","0","-120000","-107464"
"2","Global","4.01","0","-120000","-107424"
"2","Global","4.12","0","-120000","-107259"
"2","Global","4.17","0","-120000","-107124"
"2","Global","4.34","0","-120000","-107093"
"2","Global","4.4","0","-120000","-106898"
"2","Global","4.41","0","-120000","-106838"
"2","Global","4.43","0","-120000","-106765"
"2","Global","4.46","0","-120000","-106692"
"2","Global","4.5","0","-120000","-106675"
"2","Global","4.5","0","-120000","-106667"
"2","Global","4.51","0","-120000","-106561"
"2","Global","4.54","0","-120000","-106428"
"2","Global","4.54","0","-120000","-106252"
"2","Global","4.58","0","-120000","-106206"
"2","Global","4.6","0","-120000","-105932"
"2","Global","4.62","0","-120000","-105899"
"2","Global","4.77","0","-120000","-105828"
"2","Global","4.84","0","-120000","-105741"
"2","Global","4.9","0","-120000","-105658"
"2","Global","4.91","0","-120000","-105643"
"2","Global","5.04","0","-120000","-105444"
"2","Global","5.08","0","-120000","-105378"
"2","Global","5.12","0","-120000","-105180"
"2","Global","5.2","0","-120000","-104901"
"2","Global","5.26","0","-120000","-104630"
"2","Global","5.28","0","-120000","-104512"
"2","Global","5.33","0","-120000","-104451"
"2","Global","5.48","0","-120000","-104417"
"2","Global","5.49","0","-120000","-104373"
"2","Global","5.49","0","-120000","-104243"
"2","Global","5.51","0","-120000","-104230"
"2","Global","5.53","0","-120000","-104216"
"2","Global","5.56","0","-120000","-104190"
"2","Global","5.6","0","-120000","-104064"
"2","Global","5.63","0","-120000","-103953"
"2","Global","5.74","0","-120000","-103837"
"2","Global","5.76","0","-120000","-103836"
"2","Global","5.77","0","-120000","-103758"
"2","Global","5.86","0","-120000","-103745"
"2","Global","5.89","0","-120000","-103640"
"2","Global","6.03","0","-120000","-103472"
"2","Global","6.14","0","-120000","-103406"
"2","Global","6.16","0","-120000","-103395"
"2","Global","6.23","0","-120000","-103374"
"2","Global","6.33","0","-120000","-103350"
"2","Global","6.38","0","-120000","-103285"
"2","Global","6.48","0","-120000","-103192"
"2","Global","6.49","0","-120000","-103160"
"2","Global","6.49","0","-120000","-103130"
"2","Global","6.82","0","-120000","-103057"
"2","Global","7.06","0","-120000","-103041"
"2","Global","7.18","0","-120000","-103036"
"2","Global","7.23","0","-120000","-103014"
"2","Global","7.34","0","-120000","-102997"
"2","Global","7.41","0","-120000","-102992"
"3","Batch","0.01","0","0","-36992"
"3","Batch","0.02","0","0","-36559"
"3","Batch","0.02","0","0","-36551"
"3","Batch","0.02","0","0","-35967"
"3","Batch","0.02","0","0","-35710"
"3","Batch","0.02","0","0","-35131"
"3","Batch","0.02","0","0","-34358"
"3","Batch","0.02","0","0","-33620"
"3","Batch","0.02","0","0","-33214"
"3","Batch","0.02","0","0","-32561"
"3","Batch","0.02","0","0","-32556"
"3","Batch","0.02","0","0","-32244"
"3","Batch","0.05","0","0","-32058"
"3","Batch","0.05","0","0","-31950"
"3","Batch","0.05","0","0","-31677"
"3","Batch","0.05","0","0","-30809"
"3","Batch","0.07","0","0","-30554"
"3","Batch","0.09","0","0","-29999"
"3","Batch","0.11","0","0","-29943"
"3","Batch","0.11","0","0","-29882"
"3","Batch","0.11","0","0","-29663"
"3","Batch","0.11","0","0","-29559"
"3","Batch","0.11","0","0","-29440"
"3","Batch","0.13","0","0","-29323"
"3","Batch","0.13","0","0","-28926"
"3","Batch","0.13","0","0","-28766"
"3","Batch","0.13","0","0","-28096"
"3","Batch","0.13","0","0","-27879"
"3","Batch","0.14","0","0","-27781"
"3","Batch","0.16","0","0","-27765"
"3","Batch","0.18","0","0","-26870"
"3","Batch","0.19","0","0","-26858"
"3","Batch","0.21","0","0","-26798"
"3","Batch","0.22","0","0","-26186"
"3","Batch","0.22","0","0","-25937"
"3","Batch","0.25","0","0","-25855"
"3","Batch","0.25","0","0","-25337"
"3","Batch","0.26","0","0","-24974"
"3","Batch","0.26","0","0","-24155"
"3","Batch","0.34","0","0","-23645"
"3","Batch","0.39","0","0","-23028"
"3","Batch","0.43","0","0","-22926"
"3","Batch","0.43","0","0","-22711"
"3","Batch","0.43","0","0","-22178"
"3","Batch","0.48","0","0","-21558"
"3","Batch","0.53","0","0","-21323"
"3","Batch","0.55","0","0","-20949"
"3","Batch","0.57","0","0","-20948"
"3","Batch","0.57","0","0","-20881"
"3","Batch","0.57","0","0","-20835"
"3","Batch","0.57","0","0","-20732"
"3","Batch","0.57","0","0","-20428"
"3","Batch","0.62","0","0","-20266"
"3","Batch","0.62","0","0","-19615"
"3","Batch","0.62","0","0","-19472"
"3","Batch","0.67","0","0","-19435"
"3","Batch","0.67","0","0","-19307"
"3","Batch","0.73","0","0","-19238"
"3","Batch","0.73","0","0","-19087"
"3","Batch","0.73","0","0","-18857"
"3","Batch","0.78","0","0","-18802"
"3","Batch","0.78","0","0","-18776"
"3","Batch","0.79","0","0","-17710"
"3","Batch","0.91","0","0","-17443"
"3","Batch","1.02","0","0","-17187"
"3","Batch","1.12","0","0","-16797"
"3","Batch","1.12","0","0","-16643"
"3","Batch","1.12","0","0","-16319"
"3","Batch","1.12","0","0","-16075"
"3","Batch","1.3","0","0","-15933"
"3","Batch","1.35","0","0","-15874"
"3","Batch","1.35","0","0","-14995"
"3","Batch","1.48","0","0","-14948"
"3","Batch","1.76","0","0","-14616"
"3","Batch","1.91","0","0","-14569"
"3","Batch","1.97","0","0","-14380"
"3","Batch","2.11","0","0","-14095"
"3","Batch","2.16","0","0","-14055"
"3","Batch","2.21","0","0","-14028"
"3","Batch","2.24","0","0","-14000"
"3","Batch","2.27","0","0","-13900"
"3","Batch","2.29","0","0","-13720"
"3","Batch","2.29","0","0","-13593"
"3","Batch","2.38","0","0","-13111"
"3","Batch","2.6","0","0","-13052"
"3","Batch","2.6","0","0","-13013"
"3","Batch","2.63","0","0","-12993"
"3","Batch","2.72","0","0","-12957"
"3","Batch","2.72","0","0","-12885"
"3","Batch","2.72","0","0","-12874"
"3","Batch","2.72","0","0","-12860"
"3","Batch","2.72","0","0","-12841"
"3","Batch","2.78","0","0","-12804"
"3","Batch","2.84","0","0","-12720"
"3","Batch","2.84","0","0","-12523"
"3","Batch","2.86","0","0","-12504"
"3","Batch","3.01","0","0","-12469"
"3","Batch","3.01","0","0","-12220"
"3","Batch","3.21","0","0","-12105"
"3","Batch","3.26","0","0","-11734"
"3","Batch","3.39","0","0","-11593"
"3","Batch","3.53","0","0","-11524"
"3","Batch","3.72","0","0","-11202"
"3","Batch","3.88","0","0","-11046"
"3","Batch","4.16","0","0","-10805"
"3","Batch","4.29","0","0","-10804"
"3","Batch","4.31","0","0","-10793"
"3","Batch","4.31","0","0","-10728"
"3","Batch","4.34","0","0","-10346"
"3","Batch","4.34","0","0","-10154"
"3","Batch","4.87","0","0","-10127"
"3","Batch","4.87","0","0","-10086"
"3","Batch","5.08","0","0","-9986"
"3","Batch","5.08","0","0","-9928"
"3","Batch","5.38","0","0","-9832"
"3","Batch","5.48","0","0","-9599"
"3","Batch","5.5","0","0","-9551"
"3","Batch","5.89","0","0","-9492"
"3","Batch","5.9","0","0","-9345"
"3","Batch","6.12","0","0","-9137"
"3","Batch","7.07","0","0","-9014"
"3","Batch","7.13","0","0","-8873"
"3","Batch","7.24","0","0","-8857"
"3","Batch","7.7","0","0","-8837"
"3","Batch","7.78","0","0","-8827"
"3","Batch","7.81","0","0","-8709"
"3","Batch","7.94","0","0","-8505"
"3","Batch","8.69","0","0","-8132"
"3","Batch","9.81","0","0","-8047"
"3","Batch","10.23","0","0","-8014"
"3","Batch","10.28","0","0","-7959"
"3","Batch","10.63","0","0","-7887"
"3","Batch","10.63","0","0","-7617"
"3","Batch","11.47","0","0","-7555"
"3","Batch","12","0","0","-7490"
"3","Batch","12.39","0","0","-7462"
"3","Batch","12.9","0","0","-7386"
"3","Batch","14.19","0","0","-7327"
"3","Batch","14.21","0","0","-7282"
"3","Batch","14.21","0","0","-7118"
"3","Batch","16.66","0","0","-6973"
"3","Batch","18.03","0","0","-6816"
"3","Batch","21.74","0","0","-6767"
"3","Batch","22.78","0","0","-6757"
"3","Batch","23.86","0","0","-6726"
"3","Batch","24","0","0","-6678"
"3","Batch","25.07","0","0","-6671"
"3","Batch","26.26","0","0","-6579"
"3","Batch","27.46","0","0","-6543"
"3","Batch","30.04","0","0","-6538"
"3","Batch","33.06","0","0","-6527"
"3","Batch","34.18","0","0","-6490"
"3","Batch","36.99","0","0","-6476"
"3","Batch","39.42","0","0","-6462"
"3","Batch","43.3","0","0","-6448"
"3","Batch","68.30","0","0","-56032"
"3","Batch","68.30","0","0","-55599"
"3","Batch","68.30","0","0","-55591"
"3","Batch","68.30","0","0","-55007"
"3","Batch","68.30","0","0","-54750"
"3","Batch","68.30","0","0","-54171"
"3","Batch","68.30","0","0","-53398"
"3","Batch","68.31","0","0","-52660"
"3","Batch","68.31","0","0","-52254"
"3","Batch","68.31","0","0","-51466"
"3","Batch","68.31","0","0","-51461"
"3","Batch","68.31","0","0","-50853"
"3","Batch","68.33","0","0","-50809"
"3","Batch","68.33","0","0","-50590"
"3","Batch","68.33","0","0","-50163"
"3","Batch","68.33","0","0","-50004"
"3","Batch","68.34","0","0","-49814"
"3","Batch","68.34","0","0","-49503"
"3","Batch","68.34","0","0","-49067"
"3","Batch","68.34","0","0","-48895"
"3","Batch","68.34","0","0","-47787"
"3","Batch","68.37","0","0","-47759"
"3","Batch","68.37","0","0","-46686"
"3","Batch","68.41","0","0","-46206"
"3","Batch","68.41","0","0","-45890"
"3","Batch","68.45","0","0","-45698"
"3","Batch","68.45","0","0","-45311"
"3","Batch","68.45","0","0","-45209"
"3","Batch","68.49","0","0","-44900"
"3","Batch","68.49","0","0","-44672"
"3","Batch","68.49","0","0","-44197"
"3","Batch","68.54","0","0","-43922"
"3","Batch","68.54","0","0","-43859"
"3","Batch","68.54","0","0","-43838"
"3","Batch","68.58","0","0","-43830"
"3","Batch","68.58","0","0","-43503"
"3","Batch","68.58","0","0","-43427"
"3","Batch","68.58","0","0","-42894"
"3","Batch","68.58","0","0","-42849"
"3","Batch","68.58","0","0","-42567"
"3","Batch","68.58","0","0","-42556"
"3","Batch","68.61","0","0","-42219"
"3","Batch","68.63","0","0","-42179"
"3","Batch","68.63","0","0","-41840"
"3","Batch","68.63","0","0","-41215"
"3","Batch","68.77","0","0","-41213"
"3","Batch","68.80","0","0","-41203"
"3","Batch","68.82","0","0","-40367"
"3","Batch","68.82","0","0","-39786"
"3","Batch","68.93","0","0","-39553"
"3","Batch","69.00","0","0","-39518"
"3","Batch","69.00","0","0","-39502"
"3","Batch","69.00","0","0","-39381"
"3","Batch","69.00","0","0","-39005"
"3","Batch","69.00","0","0","-38891"
"3","Batch","69.15","0","0","-38596"
"3","Batch","69.23","0","0","-38224"
"3","Batch","69.23","0","0","-37747"
"3","Batch","69.23","0","0","-37622"
"3","Batch","69.23","0","0","-36744"
"3","Batch","69.54","0","0","-36463"
"3","Batch","69.77","0","0","-36133"
"3","Batch","69.96","0","0","-35720"
"3","Batch","69.96","0","0","-35556"
"3","Batch","70.05","0","0","-35472"
"3","Batch","70.06","0","0","-35425"
"3","Batch","70.26","0","0","-35027"
"3","Batch","70.27","0","0","-34531"
"3","Batch","70.88","0","0","-34433"
"3","Batch","70.88","0","0","-34407"
"3","Batch","70.91","0","0","-34395"
"3","Batch","70.91","0","0","-34236"
"3","Batch","70.91","0","0","-33960"
"3","Batch","71.21","0","0","-33715"
"3","Batch","71.51","0","0","-33677"
"3","Batch","71.51","0","0","-33654"
"3","Batch","71.62","0","0","-33406"
"3","Batch","71.65","0","0","-33381"
"3","Batch","71.94","0","0","-33154"
"3","Batch","72.19","0","0","-32970"
"3","Batch","72.19","0","0","-32860"
"3","Batch","73.50","0","0","-32790"
"3","Batch","73.50","0","0","-32548"
"3","Batch","73.74","0","0","-32529"
"3","Batch","74.00","0","0","-32376"
"3","Batch","74.84","0","0","-32336"
"3","Batch","75.16","0","0","-32274"
"3","Batch","75.44","0","0","-32248"
"3","Batch","75.73","0","0","-32230"
"3","Batch","75.73","0","0","-32214"
"3","Batch","75.75","0","0","-32069"
"3","Batch","76.04","0","0","-32029"
"3","Batch","76.04","0","0","-31999"
"3","Batch","76.05","0","0","-31924"
"3","Batch","77.01","0","0","-31879"
"3","Batch","77.47","0","0","-31828"
"3","Batch","78.19","0","0","-31807"
"3","Batch","78.19","0","0","-31707"
"3","Batch","78.36","0","0","-31639"
"3","Batch","78.72","0","0","-31620"
"3","Batch","79.19","0","0","-31593"
"3","Batch","79.60","0","0","-31511"
"3","Batch","79.81","0","0","-31497"
"3","Batch","81.20","0","0","-31496"
"3","Batch","81.55","0","0","-31490"
"3","Batch","81.74","0","0","-31481"
"3","Batch","81.74","0","0","-31466"
"3","Batch","81.75","0","0","-31418"
"3","Batch","82.07","0","0","-31411"
"3","Batch","82.38","0","0","-31349"
"3","Batch","82.38","0","0","-31276"
"3","Batch","83.76","0","0","-31234"
"3","Batch","85.16","0","0","-31220"
"3","Batch","85.92","0","0","-31162"
"3","Batch","86.26","0","0","-31144"
"3","Batch","86.76","0","0","-31074"
"3","Batch","88.65","0","0","-31063"
"3","Batch","91.17","0","0","-31027"
"3","Batch","94.30","0","0","-30992"
"3","Batch","95.28","0","0","-30985"
"3","Batch","96.06","0","0","-30958"
"3","Batch","98.96","0","0","-30934"
"3","Batch","99.45","0","0","-30928"
"3","Batch","103.42","0","0","-30893"
"3","Batch","103.89","0","0","-30864"
"3","Batch","128.89","0","0","-86672"
"3","Batch","128.90","0","0","-86239"
"3","Batch","128.90","0","0","-86231"
"3","Batch","128.90","0","0","-85458"
"3","Batch","128.90","0","0","-84720"
"3","Batch","128.90","0","0","-84314"
"3","Batch","128.91","0","0","-84206"
"3","Batch","128.91","0","0","-83895"
"3","Batch","128.91","0","0","-83881"
"3","Batch","128.91","0","0","-83815"
"3","Batch","128.91","0","0","-83331"
"3","Batch","128.92","0","0","-83126"
"3","Batch","128.92","0","0","-83050"
"3","Batch","128.93","0","0","-83031"
"3","Batch","128.93","0","0","-82650"
"3","Batch","128.93","0","0","-82347"
"3","Batch","128.93","0","0","-82306"
"3","Batch","128.93","0","0","-82197"
"3","Batch","128.93","0","0","-82176"
"3","Batch","128.93","0","0","-82038"
"3","Batch","128.96","0","0","-81950"
"3","Batch","128.96","0","0","-81813"
"3","Batch","128.98","0","0","-81783"
"3","Batch","128.98","0","0","-81493"
"3","Batch","128.98","0","0","-80852"
"3","Batch","128.98","0","0","-80470"
"3","Batch","128.98","0","0","-79656"
"3","Batch","128.98","0","0","-79534"
"3","Batch","128.98","0","0","-79077"
"3","Batch","129.03","0","0","-79014"
"3","Batch","129.03","0","0","-78868"
"3","Batch","129.09","0","0","-78701"
"3","Batch","129.14","0","0","-78645"
"3","Batch","129.14","0","0","-78037"
"3","Batch","129.17","0","0","-77491"
"3","Batch","129.17","0","0","-77366"
"3","Batch","129.19","0","0","-77348"
"3","Batch","129.19","0","0","-77289"
"3","Batch","129.25","0","0","-76915"
"3","Batch","129.28","0","0","-76683"
"3","Batch","129.28","0","0","-76515"
"3","Batch","129.32","0","0","-76178"
"3","Batch","129.38","0","0","-75897"
"3","Batch","129.39","0","0","-75664"
"3","Batch","129.40","0","0","-75417"
"3","Batch","129.45","0","0","-75016"
"3","Batch","129.52","0","0","-74540"
"3","Batch","129.52","0","0","-74249"
"3","Batch","129.53","0","0","-74206"
"3","Batch","129.61","0","0","-74010"
"3","Batch","129.61","0","0","-73964"
"3","Batch","129.61","0","0","-73594"
"3","Batch","129.86","0","0","-73508"
"3","Batch","129.86","0","0","-73384"
"3","Batch","129.86","0","0","-73225"
"3","Batch","129.97","0","0","-73067"
"3","Batch","129.97","0","0","-72709"
"3","Batch","130.07","0","0","-72599"
"3","Batch","130.07","0","0","-72424"
"3","Batch","130.16","0","0","-72143"
"3","Batch","130.51","0","0","-71832"
"3","Batch","130.62","0","0","-71648"
"3","Batch","130.70","0","0","-71352"
"3","Batch","130.70","0","0","-71334"
"3","Batch","130.81","0","0","-71169"
"3","Batch","130.81","0","0","-71114"
"3","Batch","130.81","0","0","-70904"
"3","Batch","130.94","0","0","-70848"
"3","Batch","130.94","0","0","-70383"
"3","Batch","130.94","0","0","-70378"
"3","Batch","131.17","0","0","-70169"
"3","Batch","131.64","0","0","-70152"
"3","Batch","131.75","0","0","-70133"
"3","Batch","131.79","0","0","-70020"
"3","Batch","131.80","0","0","-69312"
"3","Batch","132.00","0","0","-68832"
"3","Batch","133.15","0","0","-68826"
"3","Batch","133.48","0","0","-68665"
"3","Batch","133.81","0","0","-68625"
"3","Batch","133.94","0","0","-68481"
"3","Batch","134.21","0","0","-68471"
"3","Batch","134.29","0","0","-68303"
"3","Batch","134.29","0","0","-68276"
"3","Batch","134.60","0","0","-68249"
"3","Batch","134.93","0","0","-68004"
"3","Batch","134.93","0","0","-67966"
"3","Batch","135.73","0","0","-67826"
"3","Batch","136.36","0","0","-67816"
"3","Batch","136.86","0","0","-67744"
"3","Batch","137.05","0","0","-67743"
"3","Batch","137.07","0","0","-67708"
"3","Batch","137.46","0","0","-67676"
"3","Batch","137.65","0","0","-67662"
"3","Batch","137.75","0","0","-67614"
"3","Batch","138.02","0","0","-67511"
"3","Batch","138.32","0","0","-67491"
"3","Batch","138.32","0","0","-67478"
"3","Batch","139.22","0","0","-67377"
"3","Batch","139.98","0","0","-67368"
"3","Batch","140.26","0","0","-67360"
"3","Batch","140.27","0","0","-67217"
"3","Batch","141.48","0","0","-67068"
"3","Batch","145.14","0","0","-67067"
"3","Batch","145.33","0","0","-67024"
"3","Batch","147.09","0","0","-67018"
"3","Batch","148.14","0","0","-66996"
"3","Batch","148.34","0","0","-66955"
"3","Batch","150.39","0","0","-66944"
"3","Batch","151.64","0","0","-66936"
"3","Batch","152.81","0","0","-66905"
"3","Batch","152.98","0","0","-66898"
"3","Batch","155.75","0","0","-66868"
"3","Batch","180.76","0","-120000","-115472"
"3","Batch","180.76","0","-120000","-115215"
"3","Batch","180.76","0","-120000","-114636"
"3","Batch","180.77","0","-120000","-114398"
"3","Batch","180.77","0","-120000","-114273"
"3","Batch","180.77","0","-120000","-113997"
"3","Batch","180.77","0","-120000","-113965"
"3","Batch","180.77","0","-120000","-113904"
"3","Batch","180.77","0","-120000","-113625"
"3","Batch","180.77","0","-120000","-113535"
"3","Batch","180.77","0","-120000","-113300"
"3","Batch","180.77","0","-120000","-113119"
"3","Batch","180.77","0","-120000","-112754"
"3","Batch","180.81","0","-120000","-112698"
"3","Batch","180.82","0","-120000","-112593"
"3","Batch","180.82","0","-120000","-112371"
"3","Batch","180.83","0","-120000","-112210"
"3","Batch","180.83","0","-120000","-112135"
"3","Batch","180.85","0","-120000","-112067"
"3","Batch","180.85","0","-120000","-111826"
"3","Batch","180.85","0","-120000","-111472"
"3","Batch","180.85","0","-120000","-110786"
"3","Batch","180.85","0","-120000","-110634"
"3","Batch","180.91","0","-120000","-109927"
"3","Batch","181.06","0","-120000","-109711"
"3","Batch","181.13","0","-120000","-109311"
"3","Batch","181.13","0","-120000","-109065"
"3","Batch","181.20","0","-120000","-109039"
"3","Batch","181.21","0","-120000","-108979"
"3","Batch","181.21","0","-120000","-108792"
"3","Batch","181.24","0","-120000","-108458"
"3","Batch","181.24","0","-120000","-108450"
"3","Batch","181.28","0","-120000","-108308"
"3","Batch","181.32","0","-120000","-108099"
"3","Batch","181.32","0","-120000","-108045"
"3","Batch","181.38","0","-120000","-108027"
"3","Batch","181.43","0","-120000","-108018"
"3","Batch","181.48","0","-120000","-107958"
"3","Batch","181.48","0","-120000","-107931"
"3","Batch","181.48","0","-120000","-107908"
"3","Batch","181.57","0","-120000","-107866"
"3","Batch","181.57","0","-120000","-107180"
"3","Batch","181.80","0","-120000","-106991"
"3","Batch","181.91","0","-120000","-106904"
"3","Batch","181.91","0","-120000","-106663"
"3","Batch","181.97","0","-120000","-106475"
"3","Batch","182.16","0","-120000","-106469"
"3","Batch","182.23","0","-120000","-106400"
"3","Batch","182.38","0","-120000","-106347"
"3","Batch","182.38","0","-120000","-106208"
"3","Batch","182.52","0","-120000","-106097"
"3","Batch","182.52","0","-120000","-105979"
"3","Batch","182.66","0","-120000","-105655"
"3","Batch","182.84","0","-120000","-105640"
"3","Batch","182.86","0","-120000","-105563"
"3","Batch","182.98","0","-120000","-105444"
"3","Batch","183.21","0","-120000","-105317"
"3","Batch","183.21","0","-120000","-104929"
"3","Batch","183.41","0","-120000","-104851"
"3","Batch","183.61","0","-120000","-104591"
"3","Batch","183.61","0","-120000","-104201"
"3","Batch","185.12","0","-120000","-104180"
"3","Batch","185.27","0","-120000","-104097"
"3","Batch","185.92","0","-120000","-103873"
"3","Batch","186.61","0","-120000","-103776"
"3","Batch","186.69","0","-120000","-103634"
"3","Batch","186.69","0","-120000","-103621"
"3","Batch","187.02","0","-120000","-103528"
"3","Batch","187.99","0","-120000","-103368"
"3","Batch","189.92","0","-120000","-103364"
"3","Batch","190.92","0","-120000","-103305"
"3","Batch","191.66","0","-120000","-103269"
"3","Batch","192.38","0","-120000","-103184"
"3","Batch","192.38","0","-120000","-103106"
"3","Batch","196.21","0","-120000","-103075"
"3","Batch","196.22","0","-120000","-103019"
"3","Batch","200.03","0","-120000","-103002"
"3","Batch","202.76","0","-120000","-102997"
"3","Batch","206.05","0","-120000","-102992"
"3","Global","0.01","0","-120000","-150392"
"3","Global","0.01","0","-120000","-150384"
"3","Global","0.01","0","-120000","-149665"
"3","Global","0.01","0","-120000","-149162"
"3","Global","0.01","0","-120000","-148443"
"3","Global","0.01","0","-120000","-147357"
"3","Global","0.02","0","-120000","-147070"
"3","Global","0.02","0","-120000","-146951"
"3","Global","0.02","0","-120000","-146845"
"3","Global","0.02","0","-120000","-146840"
"3","Global","0.03","0","-120000","-146229"
"3","Global","0.03","0","-120000","-146092"
"3","Global","0.03","0","-120000","-145615"
"3","Global","0.04","0","-120000","-145080"
"3","Global","0.05","0","-120000","-144328"
"3","Global","0.05","0","-120000","-144242"
"3","Global","0.05","0","-120000","-144225"
"3","Global","0.05","0","-120000","-144222"
"3","Global","0.05","0","-120000","-143987"
"3","Global","0.07","0","-120000","-143486"
"3","Global","0.07","0","-120000","-143235"
"3","Global","0.07","0","-120000","-143214"
"3","Global","0.07","0","-120000","-143042"
"3","Global","0.07","0","-120000","-142647"
"3","Global","0.08","0","-120000","-142460"
"3","Global","0.08","0","-120000","-142453"
"3","Global","0.08","0","-120000","-141690"
"3","Global","0.09","0","-120000","-141464"
"3","Global","0.09","0","-120000","-140561"
"3","Global","0.09","0","-120000","-139415"
"3","Global","0.09","0","-120000","-139061"
"3","Global","0.09","0","-120000","-138139"
"3","Global","0.12","0","-120000","-138063"
"3","Global","0.12","0","-120000","-137826"
"3","Global","0.12","0","-120000","-136907"
"3","Global","0.13","0","-120000","-136767"
"3","Global","0.14","0","-120000","-136455"
"3","Global","0.16","0","-120000","-136135"
"3","Global","0.16","0","-120000","-136111"
"3","Global","0.18","0","-120000","-136062"
"3","Global","0.18","0","-120000","-135952"
"3","Global","0.18","0","-120000","-135922"
"3","Global","0.18","0","-120000","-135068"
"3","Global","0.18","0","-120000","-134902"
"3","Global","0.18","0","-120000","-134340"
"3","Global","0.2","0","-120000","-134311"
"3","Global","0.2","0","-120000","-134093"
"3","Global","0.2","0","-120000","-133979"
"3","Global","0.22","0","-120000","-133826"
"3","Global","0.22","0","-120000","-133544"
"3","Global","0.24","0","-120000","-132883"
"3","Global","0.24","0","-120000","-132354"
"3","Global","0.27","0","-120000","-132332"
"3","Global","0.29","0","-120000","-131648"
"3","Global","0.29","0","-120000","-131628"
"3","Global","0.29","0","-120000","-131538"
"3","Global","0.3","0","-120000","-131000"
"3","Global","0.3","0","-120000","-130919"
"3","Global","0.3","0","-120000","-130192"
"3","Global","0.34","0","-120000","-129922"
"3","Global","0.36","0","-120000","-129386"
"3","Global","0.37","0","-120000","-129291"
"3","Global","0.4","0","-120000","-128972"
"3","Global","0.42","0","-120000","-128754"
"3","Global","0.43","0","-120000","-128558"
"3","Global","0.45","0","-120000","-128329"
"3","Global","0.47","0","-120000","-127240"
"3","Global","0.47","0","-120000","-126864"
"3","Global","0.47","0","-120000","-126785"
"3","Global","0.56","0","-120000","-126660"
"3","Global","0.56","0","-120000","-126555"
"3","Global","0.66","0","-120000","-126133"
"3","Global","0.66","0","-120000","-126124"
"3","Global","0.68","0","-120000","-125840"
"3","Global","0.7","0","-120000","-125741"
"3","Global","0.7","0","-120000","-124940"
"3","Global","0.72","0","-120000","-124699"
"3","Global","0.74","0","-120000","-124649"
"3","Global","0.74","0","-120000","-124052"
"3","Global","0.74","0","-120000","-123743"
"3","Global","0.9","0","-120000","-123203"
"3","Global","0.93","0","-120000","-123051"
"3","Global","0.96","0","-120000","-122559"
"3","Global","0.96","0","-120000","-121899"
"3","Global","1","0","-120000","-121891"
"3","Global","1.04","0","-120000","-121769"
"3","Global","1.07","0","-120000","-121569"
"3","Global","1.12","0","-120000","-121497"
"3","Global","1.12","0","-120000","-121030"
"3","Global","1.15","0","-120000","-120995"
"3","Global","1.18","0","-120000","-120967"
"3","Global","1.19","0","-120000","-120756"
"3","Global","1.23","0","-120000","-120443"
"3","Global","1.24","0","-120000","-120389"
"3","Global","1.24","0","-120000","-120284"
"3","Global","1.24","0","-120000","-120263"
"3","Global","1.24","0","-120000","-119696"
"3","Global","1.3","0","-120000","-119648"
"3","Global","1.3","0","-120000","-119462"
"3","Global","1.32","0","-120000","-118807"
"3","Global","1.4","0","-120000","-118378"
"3","Global","1.45","0","-120000","-118019"
"3","Global","1.53","0","-120000","-117679"
"3","Global","1.53","0","-120000","-117650"
"3","Global","1.6","0","-120000","-117625"
"3","Global","1.6","0","-120000","-117195"
"3","Global","1.67","0","-120000","-116845"
"3","Global","1.67","0","-120000","-116817"
"3","Global","1.67","0","-120000","-116241"
"3","Global","1.75","0","-120000","-116110"
"3","Global","1.75","0","-120000","-115788"
"3","Global","1.87","0","-120000","-115081"
"3","Global","1.96","0","-120000","-114914"
"3","Global","1.96","0","-120000","-114895"
"3","Global","1.97","0","-120000","-114580"
"3","Global","2","0","-120000","-114504"
"3","Global","2.01","0","-120000","-114489"
"3","Global","2.01","0","-120000","-114442"
"3","Global","2.05","0","-120000","-113979"
"3","Global","2.08","0","-120000","-113848"
"3","Global","2.12","0","-120000","-113625"
"3","Global","2.16","0","-120000","-113601"
"3","Global","2.18","0","-120000","-113360"
"3","Global","2.2","0","-120000","-113182"
"3","Global","2.2","0","-120000","-112944"
"3","Global","2.2","0","-120000","-112655"
"3","Global","2.31","0","-120000","-112614"
"3","Global","2.33","0","-120000","-112460"
"3","Global","2.34","0","-120000","-112396"
"3","Global","2.4","0","-120000","-112303"
"3","Global","2.4","0","-120000","-112230"
"3","Global","2.41","0","-120000","-111910"
"3","Global","2.46","0","-120000","-111802"
"3","Global","2.46","0","-120000","-111678"
"3","Global","2.5","0","-120000","-111198"
"3","Global","2.55","0","-120000","-110855"
"3","Global","2.61","0","-120000","-110832"
"3","Global","2.61","0","-120000","-110656"
"3","Global","2.61","0","-120000","-110445"
"3","Global","2.84","0","-120000","-110247"
"3","Global","2.88","0","-120000","-110101"
"3","Global","2.9","0","-120000","-110020"
"3","Global","2.97","0","-120000","-109772"
"3","Global","3.05","0","-120000","-109335"
"3","Global","3.18","0","-120000","-109323"
"3","Global","3.2","0","-120000","-109268"
"3","Global","3.2","0","-120000","-109186"
"3","Global","3.2","0","-120000","-109003"
"3","Global","3.22","0","-120000","-108946"
"3","Global","3.3","0","-120000","-108888"
"3","Global","3.31","0","-120000","-108608"
"3","Global","3.34","0","-120000","-108545"
"3","Global","3.44","0","-120000","-108479"
"3","Global","3.44","0","-120000","-108214"
"3","Global","3.5","0","-120000","-108096"
"3","Global","3.53","0","-120000","-107752"
"3","Global","3.71","0","-120000","-107464"
"3","Global","3.76","0","-120000","-107424"
"3","Global","3.87","0","-120000","-107259"
"3","Global","3.91","0","-120000","-107124"
"3","Global","4.06","0","-120000","-107093"
"3","Global","4.13","0","-120000","-106898"
"3","Global","4.14","0","-120000","-106838"
"3","Global","4.16","0","-120000","-106765"
"3","Global","4.18","0","-120000","-106692"
"3","Global","4.22","0","-120000","-106675"
"3","Global","4.22","0","-120000","-106667"
"3","Global","4.24","0","-120000","-106561"
"3","Global","4.26","0","-120000","-106428"
"3","Global","4.26","0","-120000","-106252"
"3","Global","4.3","0","-120000","-106206"
"3","Global","4.32","0","-120000","-105932"
"3","Global","4.34","0","-120000","-105899"
"3","Global","4.48","0","-120000","-105828"
"3","Global","4.54","0","-120000","-105741"
"3","Global","4.6","0","-120000","-105658"
"3","Global","4.61","0","-120000","-105643"
"3","Global","4.73","0","-120000","-105444"
"3","Global","4.78","0","-120000","-105378"
"3","Global","4.81","0","-120000","-105180"
"3","Global","4.89","0","-120000","-104901"
"3","Global","4.95","0","-120000","-104630"
"3","Global","4.97","0","-120000","-104512"
"3","Global","5.02","0","-120000","-104451"
"3","Global","5.16","0","-120000","-104417"
"3","Global","5.16","0","-120000","-104373"
"3","Global","5.17","0","-120000","-104243"
"3","Global","5.19","0","-120000","-104230"
"3","Global","5.21","0","-120000","-104216"
"3","Global","5.24","0","-120000","-104190"
"3","Global","5.27","0","-120000","-104064"
"3","Global","5.3","0","-120000","-103953"
"3","Global","5.4","0","-120000","-103837"
"3","Global","5.42","0","-120000","-103836"
"3","Global","5.43","0","-120000","-103758"
"3","Global","5.51","0","-120000","-103745"
"3","Global","5.55","0","-120000","-103640"
"3","Global","5.68","0","-120000","-103472"
"3","Global","5.79","0","-120000","-103406"
"3","Global","5.81","0","-120000","-103395"
"3","Global","5.88","0","-120000","-103374"
"3","Global","5.98","0","-120000","-103350"
"3","Global","6.03","0","-120000","-103285"
"3","Global","6.11","0","-120000","-103192"
"3","Global","6.12","0","-120000","-103160"
"3","Global","6.12","0","-120000","-103130"
"3","Global","6.44","0","-120000","-103057"
"3","Global","6.66","0","-120000","-103041"
"3","Global","6.78","0","-120000","-103036"
"3","Global","6.83","0","-120000","-103014"
"3","Global","6.93","0","-120000","-102997"
"3","Global","7.01","0","-120000","-102992"
